DayOfWeek_Month,X1,X2,X3,X4,X5,X6,X7,X8,X9,X10,X11,X12,X13,X14,X15,X16,X17,X18,X19,X20,X21,X22,X23,X24
01_01,0.7322273530585484,0.7305854854341259,0.7511772418904282,0.8136138190525056,0.921999885981415,1.5348497805142238,1.3955874807593638,1.1728407730460066,1.1527735020808392,1.0538053702753547,0.9609486346274443,0.915044752294624,0.8911464568724702,0.8727438572487316,0.8560515364004332,0.8922410352887522,1.3148167151245653,1.3946753320791287,1.1299241776409554,1.0519810729148853,0.9785987115899892,0.9039849495467761,0.814069893392623,0.7643121828858104
01_02,0.6419837263051291,0.6284774619854309,0.6605134786902834,0.7365877380767359,0.8971287908033068,1.4476068243233078,1.3189213037004355,1.1532063590741137,1.138406621779478,1.0701834425432284,1.0434416408055627,1.0134511162471234,1.0131503085785332,0.9889653720238841,1.0038854323859563,0.9921238525440808,1.1603054200528415,1.6560966194231508,1.1396399332206975,1.0227159924397005,0.9553952362092216,0.8650626933315952,0.7589377478529851,0.6938128876032146
01_03,0.5270639198520903,0.5010232611766061,0.5156742199949763,0.5765016409238587,0.7427517284260718,1.2294699218862593,1.1845287851398594,1.0145974280525918,1.030755483815179,1.0372780017376908,1.0436769871237919,0.9977475900861021,1.0317684506137508,1.096252434620405,1.2003903628150594,1.3392656402485472,1.3478635047827678,1.6487640569732054,1.5051945431560914,1.2585494809574593,0.9902121053650178,0.8434801586157766,0.7563650139385877,0.5808252796982512
01_04,0.5516151490102741,0.5117077446217638,0.5129275211111474,0.5775296457469885,0.7367449995876542,1.1321366993538637,1.0456706565120912,0.9925528425970499,0.9946011465131845,0.9552921230439946,0.9846358027414285,1.026177247332698,1.135726984869785,1.2797986985215006,1.5753528433642054,1.8998594188417113,1.5402785156317425,1.155565613810325,1.1341389739685122,1.1977514686224007,0.9334051901873203,0.8152019439708326,0.6969756831036023,0.6143530869359254
01_05,0.6109459062025613,0.5468259367415387,0.5401715292363176,0.6017247986596123,0.6882083304863956,0.8044465701579528,0.8012857265929729,0.8388355975152919,0.8697548266734794,0.9294781340328382,1.0028905082600803,1.0914654253027904,1.282114200327373,1.4614267168519897,1.8243533490385273,1.919749033774089,1.533032894756386,1.1582946892480817,1.0583359822232254,1.1243334452303644,0.9640097558367174,0.8778827101262852,0.7809660179609588,0.6894679147641697
01_06,0.6568091257505553,0.6220590316453443,0.6148733406435353,0.6247623301894332,0.667992001779094,0.709303948760555,0.730560655261083,0.7815305406308275,0.8276483516906689,0.920646442630479,1.0470083207298135,1.1819421967766437,1.3593663807087688,1.5217722393959556,1.9009040839254823,1.981795094206296,1.3682387451611628,1.1782684833705743,1.0620035408589905,1.0196518636682645,0.9120975497987448,0.8464328108047224,0.767020527932641,0.6973123936803658
01_07,0.40764712351132837,0.3893030623961608,0.37214785812578693,0.3755598772703451,0.3975418403305815,0.4213070886580086,0.4366908962296396,0.47447276675718486,0.5154645507656734,0.5955697249678762,0.702447955314834,0.8459905307552312,1.1338246614482457,2.082187655108666,3.8210215648724506,4.161997596527745,2.466426187346006,0.9274985560342904,0.7420368882464659,0.6840444513574269,0.6079813904275229,0.5249397398186795,0.4777183459434719,0.4361796877863783
01_08,0.2539286552495174,0.2422701363253469,0.23831409956680813,0.24395560010988987,0.2541993774118015,0.27514977958340076,0.28135892336998153,0.29948857527003986,0.32987932122967534,0.37103782286983683,0.4207895699192746,0.5019887526585535,1.034315853438881,2.8500319299324466,5.898564335629985,5.1943461277452005,2.4946523276102037,0.626669407849851,0.4582190920982969,0.44367869209174715,0.3790983569275217,0.334595126637205,0.3007810552706221,0.27268708120391305
01_09,0.575722305566393,0.54825845145261,0.5401485829767853,0.5493946166013971,0.5846940924309526,0.6591520877850819,0.6614635961912348,0.6854601876957885,0.7305346016157704,0.8132787669343293,0.9131045875932725,1.0808456594736746,1.5374861040146135,1.907111969401897,2.427730265252119,2.4521774050053295,1.470569894561915,1.1106993782107684,1.0340669978305121,0.9306955583451821,0.7974508110684687,0.7200740466252139,0.6619533225484706,0.6079267108182184
01_10,0.6467398333826686,0.5957181585460176,0.6297395529961,0.6702818883297555,0.7458248009298767,0.8520557196689877,0.8532015719009256,0.8603475230928289,0.8734935732446978,0.9253902625130103,1.0020998610220135,1.0459130836359283,1.2418121479434123,1.469440902237103,1.7664874681092833,1.7674458172487224,1.3461263684036457,1.2106449672347028,1.1597899618136065,1.0300794891582412,0.9491406542295403,0.8635559093422548,0.793929760994322,0.700740724022358
01_11,0.5793217500079507,0.5748439007325269,0.6025505931242114,0.6615767881184339,0.8031124444774252,1.205660917407851,1.1061559826568148,1.039726070962886,1.0255801380246155,1.0335690282091783,1.0279717166148985,1.0516585215888732,1.1376535815373525,1.1941609863141491,1.208942977388133,1.2196541963935503,1.6654800648779298,1.4043400366793526,1.1430727968536323,1.0341542016940348,0.978384624354666,0.894221411837042,0.7831147766905895,0.6250924934539016
01_12,0.7056121111558511,0.6918189704328463,0.7128978296882221,0.7777558581663016,0.914865730368961,1.621753382751548,1.4811411770110718,1.209861663230092,1.1530460302832946,1.0411443118157817,0.9771294377079174,0.9248754860974113,0.8983053137642248,0.8819394712449229,0.8715189480027782,0.915449452625264,1.507451917230346,1.28838311637422,1.0899824072597752,1.0043914290115368,0.9404197935893243,0.8545910025699995,0.7791827347928191,0.7564824248254916
02_01,0.6039064747172487,0.6061567262019218,0.6356769744923823,0.7172199859200366,0.8763203938575763,1.5662894528996618,1.501756817101911,1.2218865561776238,1.1528534174105263,1.0141387623299,0.9457730710370702,0.9031517823231305,0.876492023208102,0.8493364459693324,0.8500229633714361,0.8991661674053615,1.463445332078956,1.6353035217389233,1.2445225605192105,1.0991906404794178,1.0013428407518001,0.8845967425384934,0.8189580509262423,0.6324922965437344
02_02,0.5826871104521403,0.5637338542340836,0.6012638119108978,0.6914172971997662,0.8630635083136232,1.2827651671157867,1.1556465562890528,1.0825949329850202,1.0721455384144691,1.0503681215016691,1.0352117924398787,1.0195847699289644,1.03904009915942,1.0305989966384643,1.048610865958273,1.067532742613055,1.2349740922480712,1.8741757961583572,1.206669726174086,1.0927932910493718,1.0112064265345588,0.9194212039553941,0.8336608575250155,0.6408334412005822
02_03,0.5403197236737225,0.511845717828359,0.5250199273757862,0.592662297405013,0.7802896111947569,2.430608449207334,2.183199008059517,1.2627978035603582,0.9852758834469934,0.8943849083340714,0.9006066778850413,0.8865689487202197,0.9521078735275884,0.9876450270126651,1.0697679567797362,1.1310114250287842,1.0502391285094326,1.2407891240811268,1.1715747055176688,0.9889292356744311,0.8554601009653707,0.7728057745106723,0.6864538127712339,0.5996368789301214
02_04,0.5729933412139454,0.5313519223064366,0.526318926382501,0.6013635445536031,0.7585784435460105,1.015738045806885,0.9829705933968419,0.9596598754333506,0.9893810408368017,1.0022549146211843,1.0381216329422827,1.0507041227521217,1.1599996026582167,1.2734804160168474,1.6181876579019692,1.744939686828451,1.46242967878228,1.1548341594731248,1.0947825712649044,1.2090050892860098,0.9781760025429873,0.8621522017701576,0.7394795484872867,0.6730969811958001
02_05,0.5941617666089356,0.5480430200546348,0.5397680235557312,0.5789306676546553,0.6674880209321247,0.7997177850379978,0.7905280717024544,0.8110347468308429,0.8444112751259064,0.89527378573999,0.9760879546328811,1.082556739920831,1.2738601936859717,1.5808008735900334,1.9263511129941198,2.168431987435052,1.5134734599164346,1.1189326885406898,1.0598589988814218,1.0931929822073392,0.9291608536648058,0.8300098030699739,0.7382403046219792,0.6396848835951915
02_06,0.6523151963962536,0.6249508417534444,0.612010748625743,0.6227013990412812,0.6629594665496853,0.7012695630496181,0.729120910444545,0.7783767488016015,0.8373028718078542,0.9392234977867917,1.0478228815090591,1.1783137489455735,1.4115137068168355,1.5786913615795568,1.9256852925290093,1.8969527201540595,1.3593822922091785,1.159135510564554,1.0433239960847327,0.9904736874144259,0.9166131200098944,0.8521677458129735,0.7804406704653388,0.6992520216479873
02_07,0.4649818214913562,0.4414575379736831,0.4281218415140613,0.43093843257665393,0.4515455324937848,0.4812778126392129,0.4915382515100856,0.534002672887437,0.5779041305212131,0.6527449787558139,0.7694898042277607,0.9314150496017014,1.2528800601639178,1.877473498656371,2.9750961616761584,4.025037961707774,2.224603976758334,1.0429146927376978,0.8447905040644176,0.7726512839918951,0.6848771094494713,0.6019026360035064,0.5493071090183606,0.49304713957933155
02_08,0.2561039884485001,0.2440950857266416,0.23792430607316575,0.2410013794852763,0.25779222061784723,0.27860820643004386,0.2865836480576494,0.3037903099215866,0.32606998470819265,0.36785996821050515,0.4302746599885857,0.5896920119797953,1.6074132519987985,3.19914174601046,5.168892866907219,5.0243868463428045,2.296411571043492,0.6682904466226521,0.47045125905319707,0.4394227160786442,0.38804390651102505,0.33917665416085824,0.30634344921217566,0.27222951641088494
02_09,0.535917577413479,0.5119535519125682,0.5057490892531874,0.5163554948391013,0.5490475106253794,0.6277701882210078,0.6261384335154826,0.6381299332119003,0.6902891621129325,0.7457308743169397,0.8365019732847601,0.9762446873102609,1.4975713418336367,2.0263357619914997,2.787340619307832,3.010454614450516,1.6438410746812386,0.9708940497874923,0.8991727383120824,0.8232961445051608,0.7347260170006071,0.6678620218579234,0.6142418032786885,0.5644353369763205
02_10,0.6029769537172918,0.5681271909082487,0.5709549556577236,0.6025869172001228,0.7076042494478546,0.8765485668595723,0.8617076773812948,0.8500260836920857,0.8750274244426135,0.9371017361500471,0.9804152913816556,1.0415730172737425,1.236220741166892,1.4397222939997758,1.882433242812358,2.019765100507535,1.2784616959762856,1.2401406081644395,1.2051933362261047,1.0275512044815196,0.9243865456903403,0.839105061211356,0.7649591192975443,0.6674109863535974
02_11,0.5373906827381936,0.5156902422827946,0.5503134169419704,0.6209783854525034,0.7945154113210612,1.543701506266953,1.3972069087493517,1.130284841370482,1.053768068692201,1.0248858685763842,0.9888662406499047,1.0024761185248945,1.0445692098679,1.093179083124989,1.0997401968888274,1.1374001032562666,1.670667923967183,1.4724602237095967,1.2006173210078477,1.0511524895566167,0.9305476922963251,0.8262791816709965,0.7401867294454917,0.5731221536412611
02_12,0.7141184445676957,0.7055647994083933,0.7434029703580454,0.7902138411289826,0.9105071793923706,1.4338325013865778,1.2487335921612128,1.153065877857891,1.1223516361619523,1.066124360633512,1.0103654403155236,0.9502927220065325,0.9099895236334504,0.8874591729832995,0.8779688174030937,0.9131447587354409,1.567708140753066,1.3347383989646882,1.1479386208171567,1.0756640167621865,0.9862821223886113,0.8822086645713935,0.8165156837369816,0.751808713871942
03_01,0.5523182252801585,0.5587412315033882,0.5795632305509939,0.6876838353086926,1.0541872044971097,3.4383287116670793,3.466493443181147,1.5900106673166738,0.8998692028662291,0.8448816355044485,0.7665239750769266,0.7280010152169462,0.690216851847431,0.6545586130729286,0.6445019343149612,0.669032993294291,0.948750391072122,1.02855548952178,0.840795638587793,0.7896528284723122,0.7271415988913028,0.6620219653745686,0.6027222389051738,0.575447078675544
03_02,0.6473286708944275,0.6285133236565733,0.653910937584898,0.7344195108320202,0.8916487491364655,1.41922363406323,1.209988279218511,1.0763247976030612,1.0647437340391672,1.0485364547352733,1.044220723273125,1.023076743951378,1.0191335936226529,1.0149110074438603,1.0431961251562123,1.0056585759638597,1.144134563886021,1.6876372922666125,1.1962648741374358,1.105261932298903,0.9935496891276167,0.859109996817536,0.7843143342828977,0.7048924560082587
03_03,0.6506175908385691,0.624902496935618,0.6304826723125584,0.6944361108491981,0.8472609139144373,1.431096405887042,1.2358159827880302,1.0270351353899692,1.0457300086574146,1.034441082434019,1.023589312806974,1.0207349373837462,1.0754309421153236,1.1080376811842658,1.165922357559809,1.2078893908094253,1.1434987956764353,1.3612799259405295,1.2499335693407505,1.1448359805593888,0.9365951501332899,0.8672929720648364,0.7549951569906483,0.7181454274277191
03_04,0.5862161001174147,0.5359053810246571,0.5417062344282483,0.5814324579741689,0.7092436782267534,0.9808115925427418,0.9162324236089235,0.9022114035338928,0.9286039119104215,0.9350095936309747,0.9867224147312351,1.0142146109567858,1.1032343423351185,1.1965153641284116,1.4361373464303102,1.697533148142845,1.5239749133709442,1.2250247716143075,1.26659297230734,1.5267516251897246,1.044483519001117,0.9326727569518027,0.7872390389186403,0.6415303989232224
03_05,0.5460056664613157,0.5113716656987294,0.5021101545963471,0.5432437844228318,0.6058648565087204,0.7212378755296486,0.7161191874849919,0.7374040917282402,0.7691657351708033,0.8086790608680442,0.8977221377887606,1.0044044346619265,1.2146204828843867,1.6378881115554844,2.2361669987318367,2.741204748288976,1.9710447355843186,1.0541367239015573,0.9399421078837158,0.9769145021055515,0.8333334611982425,0.761855954042283,0.6804172590008585,0.5891462639024321
03_06,0.6354711758854819,0.61142585304675,0.597824676728798,0.6043982182242787,0.6483804004670672,0.6932491458720753,0.7187648661505859,0.7712450806556241,0.8186653980884832,0.9216364658565065,1.0294728192708558,1.148466894434113,1.3789300696276434,1.5378843575660592,1.9550447606279462,2.085888509276478,1.443887038879038,1.1930761579379836,1.0536478830601566,0.9818578904121437,0.8942827487782726,0.8343208061237727,0.7604117112831381,0.6817670717467456
03_07,0.373733683265063,0.3519545040655601,0.3374474187725353,0.3422460113502792,0.36684498206453875,0.3928909510561079,0.40293336645076777,0.43275142496865615,0.46093697260957994,0.5355625076974845,0.6298152758288935,0.7667854119075385,1.0775190163297463,1.8630412008024453,3.981248798677089,4.412231670195699,3.2203874224518683,0.9023827547487361,0.6770220486877818,0.6122657839015258,0.5462604009442591,0.47896879729605085,0.43662245454812487,0.3981471413796675
03_08,0.2696035882550051,0.2605118350242433,0.25511007400170377,0.2572336362572014,0.2699265635029895,0.29027400412600884,0.2984614266624142,0.3220789916712759,0.3449537136097733,0.3897665292676133,0.4609421995421826,0.6261278901238208,1.3469924948626752,3.4955530345543147,5.436819985708345,4.70624997476756,2.025119399911989,0.6301650807236261,0.49885141927435533,0.46082108382418846,0.40457494438769953,0.34723876348926314,0.3158455693851762,0.2867777970665773
03_09,0.5061279704198043,0.490183523470262,0.47781034405014194,0.4876764215177886,0.5191324345042161,0.5840826081074987,0.5792487712494926,0.5952292916084231,0.6301122784867205,0.6760517653424718,0.7601569193308383,0.8753573522117507,1.2286603237588491,1.841096631645398,3.1169590115885826,4.110474816251071,1.5234161518690537,0.9149118456058077,0.869585606709654,0.7852279388555711,0.6862064300852233,0.6273706993732245,0.5813229922893086,0.5335978716688461
03_10,0.569081540972184,0.5394136091094119,0.5403670902323193,0.5575847589709738,0.6364119771897977,0.7826063039771165,0.7493811540788822,0.7492711370262392,0.7695142747125804,0.7897024038726003,0.8361296000880136,0.9220895905532024,1.172745108825201,1.4593211947851918,2.4507398646790253,3.0178044263527517,1.667931862772063,1.0875919100793956,1.0163558684929497,0.8959422043750116,0.7916643746447367,0.7118836753030053,0.6739094559656748,0.6125566129416725
03_11,0.6660368753664734,0.6373487957956002,0.6483375681369037,0.7060177644580536,0.8369926379568702,1.447412426433861,1.2811909570656068,1.1369904662627315,1.053423675809499,1.0015419028384045,0.9571741915868569,0.9547201772102416,0.9876430603513802,0.9662735900275803,0.997502551740613,1.0734901296501402,1.62887918865507,1.4202445327600057,1.150672139335896,1.05935240080787,0.981584033704693,0.8795578430733815,0.8091298021586639,0.7184832888136036
03_12,0.7507646400596791,0.7454972998394498,0.7549940807291244,0.80489110163307,0.942568477044581,1.5651784700711935,1.3462335598332875,1.159619220602306,1.1191151906329566,1.066727210807129,1.016337187616561,0.9709550297585261,0.9397142532799247,0.896874949321311,0.9000664904399721,0.9411673126510225,1.4010865510922272,1.2584013103481828,1.083904448372606,0.9945412970500948,0.9440993788819875,0.8479898804793798,0.7592754163761088,0.7899972430793183
04_01,0.6894522558306329,0.6949106254650492,0.7243084587716698,0.8105034217781426,1.0557002624422802,1.9813881772931463,1.7409405480038358,1.255446505559998,1.1025906661521088,1.013516090818818,0.9292981750815039,0.8821284059966852,0.8528165312669845,0.8149302884895196,0.81456496453761,0.8499798982286264,1.212768072119246,1.279106603857212,1.0410443250774297,0.9860093462044364,0.9041123120439605,0.8501733050266964,0.7899378322500463,0.7243729277043598
04_02,0.6206187694153518,0.6137715742053318,0.6418939831036288,0.6982305044074998,0.9039214712299349,1.6916851665756,1.3853037487629578,1.1425645650005922,1.1018482077695797,1.0615598002391933,1.0284242662764171,0.99657258141552,0.978109608617073,0.9570483697791092,0.9673497304298985,0.9877079090454046,1.1418003691066168,1.6008681265355562,1.143695574923676,1.0502497010083565,0.9768257595151941,0.8842969206726452,0.7750780435056721,0.6505752484591899
04_03,0.6187927799785677,0.5700071118948855,0.5764689602795844,0.6411131885424476,0.7686767692045299,1.1819003884188743,1.1271935046838746,1.0197620572362727,1.0389416470633666,1.0321708656881643,1.0431379868510395,1.0381435701712327,1.0832220423688723,1.1206801674674254,1.201646355395225,1.328411859165173,1.254963040672959,1.444081519692869,1.3644540413905846,1.231767321969319,0.9663423942950374,0.8832394198495884,0.7631417197913415,0.7017412879287651
04_04,0.6030872782843111,0.5262178265423512,0.5102010680128435,0.5574820996239632,0.7083088651934268,0.926609316780851,0.9037792544514842,0.9186696200140796,0.9234773948728513,0.9705111694912342,0.9855938460481806,1.0262538848537917,1.1363381926200653,1.2780439224574596,1.5795600886004222,1.9068734009855934,1.571373134840914,1.1852126581843778,1.166585964731537,1.2777142464671438,0.9748793763629181,0.8994659935781861,0.7765243221895978,0.6872370748124107
04_05,0.585477754800327,0.5466088409091925,0.5330593905069877,0.5748011309074506,0.6651236539208811,0.7904560701412742,0.7646649485687232,0.7851391971986367,0.8104372216837659,0.8651709983876082,0.9372489291664248,1.0572644724441804,1.2225377527457557,1.5704070284200793,2.0508765426033206,2.3544099584172655,1.5137223023703497,1.1031868185858298,1.0215042141041846,1.080847376625233,0.9169461925669187,0.845404236883126,0.7515871562501396,0.6531178117923455
04_06,0.6372703259553357,0.6059933805677876,0.5862427586607656,0.6032246017957754,0.6481608557919177,0.6941225834073241,0.7202311417537821,0.7573943057159046,0.8059197173794707,0.9039755048534811,1.0215973289830464,1.1433005381172816,1.3661359555833195,1.623058116153688,2.0308069366453854,2.0527725815700175,1.3964694652411442,1.1454745421901211,1.0447320138336393,1.0028106522781326,0.9142507505185052,0.8488870620266264,0.7549741879744418,0.6921946930031082
04_07,0.4044376268796241,0.3851847817270844,0.37262425396705107,0.3740735456316703,0.39442046390357943,0.4192431358456361,0.43180366360566946,0.45733677263822586,0.5018385519871222,0.5855138325061674,0.6858843846519539,0.8250163844553997,1.062387625133133,1.7179079285371333,3.370498270973731,4.9939606926998446,2.573302602982296,0.9233550865223571,0.7504631161783695,0.6920651873393006,0.6316496171632128,0.5343481532483847,0.4816621386169329,0.4310221828061199
04_08,0.3811396801349208,0.3702888504580732,0.3624222847914016,0.3634284734231852,0.37942458587619887,0.40493375448425695,0.41538439550073614,0.4429402432575357,0.47995197736075584,0.5476982005802736,0.6479397430217103,0.8165792445009792,1.3646661997798963,2.5355381822859346,4.393957151228436,4.427664470393185,1.6780367887718495,0.806185773293124,0.6771535152286079,0.6300455929223778,0.5562165020652594,0.47975760001143397,0.4373947718210014,0.401252018808867
04_09,0.2464305253385559,0.23600573225725388,0.2274507830143441,0.23665935023616091,0.2533803873927572,0.28962722746353825,0.29026429815184,0.2952781272052281,0.31123798899398336,0.33848310297551315,0.3932049930070461,0.4675436960510925,1.0637012083314228,3.0471091021474592,5.101182200493178,5.825862518904419,2.6041712272263604,0.7590490409983256,0.4288313096801306,0.3883980050862234,0.34266956749863914,0.30765550057794855,0.28439000998697933,0.26141409698160184
04_10,0.5802757404590507,0.5511515022332457,0.5344869347853467,0.5608983364498658,0.6440467770532782,0.8841715675350974,0.8285002858167091,0.7595361049480199,0.7773245618284518,0.8060806293780821,0.8603954928158275,0.9523218974354004,1.213761832327323,1.5141891040857254,2.453683160067046,2.67443054653968,1.490897464466685,1.0905409202329162,1.1111197232906707,0.9136639764370766,0.7958687374652417,0.7153168689990602,0.6558669934988809,0.6314708418513171
04_11,0.7063516427636473,0.6814460463495712,0.6961362801691261,0.717222415790118,0.8518075579369638,1.2558567890538923,1.1169549782000696,1.0599342706204742,1.1100392681250175,1.0972474645221435,1.0670081832135827,1.0312092134133133,1.0423737911161752,1.051978943998192,1.048927895435669,1.1029653555319088,1.5285075287448324,1.3165387549085157,1.1245486990667934,1.0127447195201191,0.9658489730961551,0.8632885406759392,0.7925720151045735,0.7584906726432061
04_12,0.6620969851798273,0.6450083873251358,0.6480863048061681,0.7112944181966481,0.8444820634358792,1.4061158220348116,1.1981470936764185,1.0784530386740332,1.0754489912125456,1.0119453977438866,0.9691500330876128,0.9427045660905832,0.9340125271241477,0.9074685667677248,0.899786084735068,0.9721048338694037,1.6829560319487833,1.4618384401114206,1.2236322504193662,1.1472998968897643,1.0551839825174287,0.9551393527139534,0.8670616660767325,0.7005832653626557
05_01,0.741561324405972,0.7472237532867688,0.7686686967076591,0.8334854358112485,0.9802748687551393,1.6022264188450452,1.4158722700617146,1.167086830937343,1.088367021773244,1.0345859951266971,0.9756726393243638,0.9254336426585708,0.8911940195112843,0.860809667091349,0.8452922024137611,0.8854352088623035,1.3076837352754263,1.3241650176348516,1.096535376626819,1.0209479749286925,0.9755762575561802,0.8844472957384201,0.8330035269703295,0.7944508196968193
05_02,0.6702617097837963,0.6557077991720709,0.6910401234877264,0.755931319975543,0.8703178405685247,1.5710705944851504,1.2969518979221584,1.186925536500045,1.1521044032595948,1.083243958423126,1.0492647869536018,0.9973037176621528,0.9976645584211211,0.9944771317169004,0.9798630809786804,0.9881624184349534,1.1656058616576623,1.4980905509837923,1.06093197149358,1.0012128258843105,0.9433880942596248,0.8744975793599087,0.8008259244038609,0.7151563142121141
05_03,0.6139672574065117,0.5921201890396232,0.6004970531234952,0.659833173717589,0.8067385494106787,1.2301580034278785,1.1150278313121924,1.0612762867740133,1.135065083364664,1.0970072317243564,1.0724712934046203,1.0659042456351646,1.1195523720982343,1.1627811274940185,1.2338034905754893,1.2764117375206163,1.172528281073092,1.2778337360533722,1.204665447913379,1.1083056564300726,0.988469961896903,0.901236815542013,0.8010247007608771,0.7033204743011471
05_04,0.6428865150365978,0.5979549130518217,0.5883325870624035,0.6355121398481262,0.7759816508731371,0.9845476227463379,0.9215775862856727,0.9299936947721438,0.9941425347015983,0.9967468679465976,1.0255864318806942,1.069339230396681,1.1461259400729213,1.3095958257563989,1.5209306150795463,1.709566584119964,1.3642868239013828,1.127566638948032,1.1022086573519871,1.1910849560918553,0.992936317198651,0.8845960542066834,0.7809161770215567,0.70758363564921
05_05,0.6196903302311704,0.580775232519234,0.5772062993957406,0.6086403642142006,0.6932423814621377,0.7786451208852174,0.7693567436535618,0.7915024312403661,0.8194361962646308,0.8813434592913797,0.9524704662204864,1.0515541159502904,1.227621483375959,1.4493757703376282,1.9485230965451694,2.188144926900738,1.586894084474283,1.1249231449697965,1.0518515270439146,1.0631302708252108,0.9306679452801715,0.8640936158611624,0.7616011774428937,0.6793098156146544
05_06,0.6219974080931412,0.5910752397597507,0.5759153455443548,0.5832041423657967,0.6160539263875027,0.6672963767685497,0.6786010396073152,0.7209483467599908,0.7845195058142209,0.8856992501206851,0.9887463721252047,1.139843331026999,1.3799118015425944,1.7331674557564511,2.243865137179473,2.153347517149003,1.4238252964420264,1.1494814094685752,1.0157329917616182,0.9414796291013076,0.8569456494366492,0.825380942540487,0.754460748674555,0.6685011365737468
05_07,0.47458802848820947,0.4565207966293419,0.4425052912868174,0.4403296560367965,0.4657593637055166,0.4865855533089757,0.5034546092330491,0.5452804086410556,0.6062454920601138,0.7132772870774361,0.8548669985298699,1.0008552769008232,1.3306689684256992,1.8064709383215283,3.1671100705899042,3.840201167433263,1.7615551062395798,0.9945333222975024,0.8798237420138026,0.7935550747086343,0.7126939645828654,0.639668294451736,0.5763068591630899,0.5071437298743886
05_08,0.2731208615428355,0.2632990270126096,0.25840129931938144,0.258761814284233,0.2682583060413002,0.2902936841368652,0.30112671917826034,0.32325882080098073,0.3497171020019205,0.40697743007786613,0.48098851444752727,0.611925791072052,1.542766637271019,3.4595279818599414,4.835604809650663,4.808935495299566,2.2849526402775084,0.6570868852056603,0.4951980798914351,0.44937750716358615,0.3996176489661391,0.36221202310080236,0.32756741428335373,0.29102350711449165
05_09,0.30420652282176047,0.28561415675873086,0.2819251952382885,0.2897457936616263,0.3173589002959777,0.3614690428497474,0.3597573647042621,0.36711561328370446,0.38855093902515503,0.42155484809471283,0.4708098623156595,0.5502848493120701,1.0502424262545853,2.7289461743624552,4.800489894089915,5.251251480195809,2.535329799308197,0.7851585700109562,0.50100032339896,0.4655666183412707,0.4177183281134528,0.38195999444196466,0.35898022347728886,0.3249630796434495
05_10,0.678453611143188,0.6430241159011394,0.6288173626997824,0.6616002571696977,0.7440693359466435,0.9053122395922737,0.8706317823046025,0.8798199812116313,0.8906310956864777,0.9314786321318556,0.9779938890986888,1.0320993973365458,1.1835299037798328,1.3549097877413696,1.8372652624285684,1.7537974663791192,1.2312436214736697,1.164504339738648,1.1798596178033836,1.0282293679055963,0.9348243349947412,0.8904812880956021,0.8377989519710624,0.7596243574658798
05_11,0.6879931078262448,0.6685635258909949,0.6935476557540581,0.730683776185726,0.8556724403736286,1.416251020223089,1.283554003808833,1.1012288020313774,1.0869910220368186,1.041647773646504,1.040038088328648,1.0245306973791601,1.0389498503672803,1.0478824703001723,1.0673800671080078,1.109821347601342,1.4909993651945226,1.2509522082161966,1.0882379613675526,0.97621746621928,0.9250476104108097,0.8469438650584926,0.7851183458782987,0.7417475287929628
05_12,0.7641948726782075,0.7441449200470817,0.7492205667039877,0.7875750007177104,0.9302443085579766,1.501472741365946,1.341647288490799,1.1254844543966929,1.0901616283409412,1.0125111245083684,0.9825854792868832,0.945677949071283,0.9207590503258405,0.8791433410846038,0.8784084058220653,0.932127580168231,1.552964143197543,1.2797749260758478,1.1053656015847042,1.0021760973789224,0.9702293801854565,0.8843108546493269,0.8278816065225505,0.791938678839032
06_01,0.8176467402850038,0.7875301478337298,0.7824315711863772,0.8247447587548478,0.8926757946739869,1.0739002028600353,1.1840444542565203,1.3778903389470443,1.3272044887468917,1.1540028408735894,1.0620035240162122,0.9568828701987366,0.894450299291448,0.8678827160750957,0.8493628861942708,0.8733811810869466,1.1792707869053225,1.3372766769276914,1.1191875601394614,1.0251888014595927,0.9698542490221481,0.9111206454864684,0.8492879071259275,0.8827785576526557
06_02,0.7426690220009637,0.7263850971575398,0.734511000481773,0.7747550987634496,0.8593223060863979,0.9748514533483219,1.066934318291312,1.211787377549382,1.3224666773727318,1.2339168138750602,1.0824795246507146,1.0281997751726355,1.0431989722177613,1.0114340774048498,0.9972057170387024,0.9919062148707245,1.1492211337722822,1.5241047053155614,1.084727798297736,1.0210052995021681,0.9377228199775175,0.8746426850810985,0.7929661153043199,0.8135859964669987
06_03,0.6486241781641595,0.6159037417240056,0.6160043426046824,0.6650221217144904,0.7133105444393911,0.7996261000601509,0.8581255121737545,1.0111646019034524,1.1433541591128678,1.144435618580144,1.1659390568248267,1.1501698687787263,1.1625186268818128,1.1944342562765518,1.3404061341386992,1.3903293211745988,1.290005092919584,1.2341213037035792,1.258743369249245,1.1651342497794115,0.979877728012944,0.9091050084567613,0.8335034466280888,0.7101416166980693
06_04,0.6674969094821667,0.5993681607984983,0.571319994505746,0.5852479282084153,0.6568929994047892,0.8055400393754866,0.8356760221601575,0.954846389817316,1.0596218121880867,1.1044823954947118,1.166045510736688,1.1603864291928025,1.2085160935854586,1.2685957602673872,1.3768600338812327,1.4814980999038505,1.279968865894419,1.1270363078613617,1.1493704500709674,1.3075500206034523,1.0806648047250582,0.9414678815072569,0.855949819147475,0.7555972711872168
06_05,0.6319231089865458,0.5888823597586889,0.5618720936616155,0.5777805792038846,0.6015213099287738,0.6907259466504547,0.713368699078715,0.7720495391541095,0.8390994138015875,0.9032945448778297,0.9686364532861069,1.0850221527287813,1.2511096697321953,1.4600671393395463,1.9772637160872124,2.2839168545768413,1.6054150662955233,1.156463940562775,1.055230341613581,1.0613790200747033,0.9328667603337042,0.8337559194246597,0.745624861481905,0.7027305093602652
06_06,0.6846251888979118,0.6509166590480084,0.626199938692208,0.6180901009427417,0.625769708572873,0.626909818389111,0.6684915594228463,0.7367475678553567,0.8144041043953385,0.9158953895464839,1.0179674853587313,1.1711509193479863,1.3282279359172242,1.567500416785428,1.9151048417022056,2.010960112290061,1.4606527666485614,1.1666119915890014,1.0425121136667976,0.9970583015590464,0.9228005829618119,0.8803153586774727,0.8052617143594681,0.745825423373327
06_07,0.4495137279079783,0.429228185641424,0.4070596536055581,0.3972040050257576,0.4025992381236429,0.41622086624206656,0.437107362690316,0.48109720879040163,0.5300015246430164,0.6161516452233602,0.7324830202621718,0.8912016969165486,1.118041868700414,1.896838424565226,3.63075149320421,3.9740031672511136,2.4371496520586575,1.0220628086150119,0.7763526755259181,0.713906858779106,0.6516212964807454,0.5756873969892194,0.5221089930567534,0.4916072297013814
06_08,0.520025499835278,0.4950219700762001,0.48009857654443006,0.47409156836822447,0.4819982287027173,0.5011658901196695,0.5170305527388792,0.569450683917562,0.6197144531868377,0.6874858274824904,0.8250137981491229,1.0256239116576178,1.4169009143145639,1.9223624142696396,3.0536480594882067,3.5676323231804625,1.7034403385145922,0.9888973032640647,0.8534743525566153,0.7996851027052929,0.7048394066581953,0.6430579265553402,0.5872834546286908,0.562057443085309
06_09,0.692386800728794,0.6600175450435253,0.643087927660436,0.6423321411701194,0.6462190431203184,0.6936176530130237,0.7026007152979281,0.75166205546933,0.8276293946959984,0.9070301639786761,1.021521020311762,1.1340036439705785,1.329018152371955,1.5858775895809432,1.9320925838450638,1.9378149672717455,1.393648694243876,1.1350617450570213,1.074102166138066,1.0293164181118832,0.9141561508873742,0.8281908360888048,0.7796693434104864,0.7389432485322895
06_10,0.6189777576883334,0.585329288067304,0.5580523727185733,0.562050210693349,0.5838717429723335,0.6719907549996833,0.7078671864087391,0.7817022565053796,0.831758519481218,0.8770673498620105,0.9420530390249023,1.0040403497067123,1.1220598582537396,1.3968279307284341,2.2558425434855978,2.492402112399284,1.7026208916532117,1.1944582053281951,1.1065890581742686,0.93901301639825,0.861263396617975,0.7833472002554174,0.7174245178171875,0.7033904407599015
06_11,0.718561928311433,0.6805959932159805,0.6912854312525641,0.7232747593669709,0.785199779716835,0.981874908123929,1.0636780706354203,1.209696847361758,1.3095878028070744,1.1549595525882175,1.0882427151874712,1.0387974821019927,1.0307935679071125,1.0458798930178574,1.0857941493318004,1.1142027789906028,1.4725359112021887,1.2610114156703827,1.1276830555293487,0.9983303238206402,0.9440406163540503,0.8743223111302237,0.805604495180757,0.7940462111953871
06_12,0.7310046778354373,0.7143972521697841,0.7248898098079165,0.7718167894433599,0.8324095726251564,0.9695771804243157,1.07790762650278,1.1819298701073098,1.1798452560070183,1.1258537508094768,1.0741321587433639,1.012381256616961,0.9721482044813413,0.9582971019038512,0.950074457397147,1.004922970613697,1.599501236774523,1.332439008148332,1.1395427167347223,1.0644271219875638,1.0173380056998755,0.9162342218357536,0.8665509191121473,0.7823788342181686
07_01,0.7726310398880861,0.7427040462644342,0.7560437913354108,0.7877694022720034,0.8545180892189128,1.0545393228955242,1.160233070826802,1.2493145894093916,1.1982788231547,1.0961073674612642,1.0246373100678852,0.9583632582452238,0.9208920642256265,0.8894412420451777,0.8865184889116491,0.9165953673113792,1.2685997639314777,1.518033012121931,1.189185813405944,1.0896873028859064,1.0252118683761857,0.9268374936767361,0.8642605996640083,0.8495968724043391
07_02,0.7020299478398624,0.6519427333934426,0.6690654150480733,0.7012210022498798,0.7552181203812156,0.918119538563953,0.9926773571073454,1.161881809678697,1.2152048064850471,1.1439838885003328,1.092818079933936,1.0645723964170453,1.044449874866229,1.0263834233566185,1.0161704852830888,1.0168446066080743,1.1915768540443068,1.7533895662871926,1.2240020897761075,1.0954471531013794,1.0162716034818366,0.9325457349186422,0.842853892629326,0.7713296200483682
07_03,0.725555346920574,0.6673106389703436,0.6397098147468014,0.6506086558958222,0.6854465133721629,0.7984156099167979,0.8636713918090454,0.9785621983799562,1.0810717017815765,1.1067128041321694,1.077365546730902,1.0474143233213766,1.0422257062504323,1.057160138454632,1.1495394847177418,1.2739839354192803,1.2081790935195256,1.3227679170863074,1.5510121622071085,1.3727049247690999,1.0977356730094243,0.9520700530177271,0.8453327875583,0.8054435780128921
07_04,0.7315628851725348,0.6773396886327768,0.6512787159626868,0.6551810396190458,0.6990890029972393,0.7772719210075089,0.8337328136299342,0.9584434367737154,1.0191614097485322,1.0328877649873334,1.0550191250244465,1.0268569011547786,1.075431279534632,1.1356853399069446,1.2096657555180583,1.3182485934806636,1.2411845235117274,1.1943566396354193,1.3591274804542703,1.6497823704114727,1.1196121326790045,0.9509935461570299,0.8230355347957196,0.8050520992045263
07_05,0.6591715044853971,0.5912938408487048,0.5457527532489083,0.5493266054148115,0.5753646711949643,0.672828725262242,0.70215984053812,0.779533739929927,0.8477687887832097,0.9085753306345077,0.9709901059604622,1.0916076165596993,1.2731337790721173,1.4788089712198538,1.8411975808424503,1.9466006922211276,1.5864074489290145,1.2592723381715067,1.1427902850785292,1.1563964508244327,1.0112980528887576,0.8836604755350674,0.790255296427637,0.7358051059285529
07_06,0.7022144391891696,0.6665999364443221,0.644372941607492,0.6314752205741584,0.6336442767334715,0.6257143940004996,0.6590199014789814,0.7215726823314244,0.7918687604407691,0.878561037259759,0.9852646063872483,1.1297750576034067,1.3315905731575413,1.5554698212569444,1.8555692363309133,1.9742375991113867,1.4719028511621262,1.195546437918056,1.0819858525449968,1.0548376657768221,0.9533351667947821,0.8920418379058112,0.8144689262297391,0.7489307777601775
07_07,0.4558458969202022,0.43409971079117476,0.40828496645209805,0.39831957387432,0.39561578519042656,0.4055554273997868,0.4262329732394659,0.47195275236568096,0.5238783702806413,0.5993269497454737,0.6993285054968988,0.8405564010855927,1.041447900298865,1.5906646331028496,3.37544841852503,4.057125046471367,2.7940179748300875,1.2076922788056765,0.8250804296663558,0.7460525489914169,0.6864790716563012,0.592284223983142,0.5295563265168174,0.49515383431032733
07_08,0.5309018281357855,0.5042020793354477,0.4905960239766402,0.48606067219037097,0.484751302846218,0.5012417660356235,0.5105781387504538,0.5610552757859182,0.6032776930430266,0.6685563965776122,0.7684859468139866,0.9061594916231199,1.293751793859722,1.8068348130946423,2.882680981173072,3.6262889104481513,1.8707092654485422,1.0834556913683624,0.9295004234101956,0.8787006881305195,0.7642921696392356,0.6633758483029198,0.6084013122157993,0.5761414877946378
07_09,0.6671237989428095,0.6479589622518683,0.6321271406376128,0.6247111820919878,0.6274817508744824,0.6505212175920702,0.6564164880089575,0.6981208391559834,0.7598441121073508,0.8240463150220031,0.9439931950942184,1.1002491081580754,1.3070001996337153,1.5949102082266449,2.060115787555008,2.156981538221177,1.4955863589414207,1.2029476352084438,1.1170808342953364,1.0402548367777384,0.9162458445808126,0.8201300223068977,0.7536572028712536,0.7024954214441329
07_10,0.7057161508708526,0.6649855635035027,0.6188921893337049,0.62780062030306,0.6556560872893271,0.7221147551427998,0.750346946821801,0.8402955072810354,0.9016573116445785,0.9325044158966739,1.0132343015219492,1.075615478583478,1.2443659806522323,1.5327598130780713,1.8779504330025603,1.8319900204890214,1.3322757957154951,1.1896300988255974,1.1376642515043593,1.002397926536838,0.9354738928864589,0.8543451222924064,0.7785569782247584,0.7737703585994335
07_11,0.7323127411105488,0.7065896276642171,0.7118124530870878,0.7408871122593258,0.7862726272976417,0.8883551241992075,0.9152233491018905,0.9997102309424477,1.060792151797092,1.0244837397664392,1.015658002688219,1.0282821582557997,1.031661633529422,1.0587532948138323,1.1198072861207604,1.1295546982736049,1.7038979175030984,1.4384554960113114,1.1847714141079129,1.1054794281425107,1.0416045525162778,0.9339082165238187,0.8546441601061323,0.7870825841814023
07_12,0.7182063111275144,0.7025724303377006,0.7178298579073629,0.75202066801993,0.8004724118841113,0.9392950728916775,0.969322753275512,1.106218859568186,1.151503967521683,1.084273851264071,1.0265657870455804,0.9706735560066432,0.932563203543089,0.9172836316663591,0.9104410407824322,0.9847130466875809,1.6670898689795162,1.4713341945008307,1.2607418342867687,1.186159808082672,1.0842738512640708,0.9617051116442147,0.9043070677246725,0.7804318139878207
